theme,content,description
動物,キリンの首の骨は人間と同じ7個,大型動物も人間も頸椎の数は同じ7個です。
動物,ゾウはジャンプができない唯一の哺乳類,体重が重すぎるため、身体構造上ジャンプができません。
動物,イカの心臓は実は3つもある,全身用の心臓が1つ、左右のエラ用に2つの心臓があります。
動物,シロクマの肌は実は真っ黒,白い毛は光を反射するため白く見えますが、肌は熱を吸収する黒色です。
動物,フラミンゴは赤い色素を食べて赤くなる,エサに含まれるプランクトンの成分で体が赤くなります。
動物,カバの汗はピンク色をしている,殺菌作用と日焼け止めの効果がある特殊な粘液です。
動物,アリは一生の間一度も眠らない,脳が小さいため、数分間の短い休息を繰り返して活動し続けます。
動物,ダチョウの脳みそは目玉より小さい,脳の重さは約40gですが、目玉はテニスボールほどの大きさがあります。
動物,牛は階段を上がれるが下りられない,膝の構造が下る動作に適していないため、降りるのが苦手です。
動物,ワニは舌を出すことができない,舌が口の底に張り付いているため、ベーっと出すことができません。
動物,ペンギンは空を飛べないが泳ぎの名手,翼がヒレ状のフリッパーに進化しており、海中を飛ぶように泳ぎます。
動物,ナマケモノは週に一度しか排泄しない,代謝が非常に遅く、一度に体重の約3分の1もの量を排泄します。
動物,コアラの指紋は人間と見分けがつかない,霊長類以外で指紋を持つ珍しい動物で、プロでも識別が困難です。
動物,カンガルーは後ろに歩くことができない,大きな尻尾と足の構造が前進跳躍に特化しているためです。
動物,ラッコは流されないよう手を繋いで寝る,海藻に体を巻きつけたり、仲間と手を繋いで海流に流されるのを防ぎます。
動物,タコは脳が9つ、心臓が3つある,各腕に小さな脳があり、分散して体を制御しています。
動物,イルカは左右の脳を交互に眠らせる,半分ずつ眠る「半球睡眠」を行い、泳ぎながら休息します。
動物,猫は一生の3分の2を寝て過ごす,狩りに備えてエネルギーを温存する習性があり、よく寝ます。
動物,カタツムリは3万本以上の歯がある,舌にある「歯舌」というおろし金のような微細な歯で食べ物を削ります。
動物,パンダの尻尾は実は白色,ぬいぐるみ等は黒いことが多いですが、実物は白色です。
宇宙,太陽の光が地球に届くまで約8分,光速で約1億5千万kmを移動するのに、約8分19秒かかります。
宇宙,宇宙空間では涙が流れない,重力がないため涙が頬を伝わず、目の周りにたまってしまいます。
宇宙,金星の一日は一年よりも長い,自転が非常に遅いため、公転周期（1年）よりも自転周期（1日）が長いです。
宇宙,木星はガスでできており地面がない,主に水素とヘリウムのガスで構成された巨大な惑星です。
宇宙,宇宙は完全な無音の世界である,音を伝える空気が存在しないため、爆発があっても何も聞こえません。
宇宙,宇宙服一着の値段は約10億円以上,生命維持装置などが詰まった、一人用の宇宙船とも言える機材です。
宇宙,月は毎年3.8cmずつ地球から離れている,潮汐力の相互作用により、少しずつ地球から遠ざかっています。
宇宙,火星の夕焼けは青色に見える,火星のチリが赤い光を散乱させ、夕方には青い光が届くためです。
宇宙,冥王星の一周は248年もかかる,太陽から非常に遠いため、公転するのに地球の時間で248年かかります。
宇宙,宇宙では身長が数センチ伸びる,重力から解放され、背骨の椎間板の隙間が広がるためです。
宇宙,土星の輪の厚さはわずか10m〜1km,幅は数万kmありますが、厚みは極めて薄い氷の粒の集まりです。
宇宙,天王星は横倒しになって回転している,自転軸が約98度傾いており、転がるように公転しています。
宇宙,太陽系で最も高い山は火星にある,オリンポス山は標高約21kmで、エベレストの約2.5倍の高さです。
宇宙,土星は水に浮くほど密度が低い,主にガスでできているため、もし巨大なプールがあればぷかぷか浮きます。
宇宙,彗星の尻尾は太陽と反対側に伸びる,太陽風という微粒子の流れが、彗星のガスを吹き飛ばすためです。
宇宙,ブラックホールは光さえも飲み込む,重力が強すぎて、秒速30万kmの光でさえ脱出できません。
宇宙,地球の回転速度は少しずつ遅くなっている,潮汐摩擦という現象により、一日の長さがわずかに伸びています。
宇宙,宇宙には1000億以上の銀河がある,観測可能な範囲だけでも、想像を絶する数の銀河が存在します。
宇宙,中性子星のさじ一杯は10億トン,超高密度な星で、物質が極限まで圧縮されています。
宇宙,流れ星の正体は小さなチリの塊,彗星などが残したチリが地球の大気に突入し、燃え尽きる際の光です。
科学,ダイヤモンドは実は燃える,純粋な炭素なので、高温環境で十分な酸素があれば燃焼します。
科学,音は空気中より水中の方が速く伝わる,水の方が空気より分子密度が高く、振動が速く伝わるためです。
科学,水は凍ると体積が増える,水分子が六角形の結晶を作り隙間ができるため、体積が増加します。
科学,光は一秒間に地球を7周半する,秒速約30万kmという、宇宙で最も速い速度です。
科学,雷の温度は太陽の表面より熱い,雷は約3万度にもなり、太陽表面の約6千度を遥かに超えます。
科学,ガラスは実は液体のように流れている,アモルファス構造を持ち、極めて粘度の高い液体とも表現されます。
科学,バナナは微量の放射能を出している,カリウム40という自然由来の放射性物質をごく微量含んでいます。
科学,ガリウムは手のひらの体積で溶ける,融点が29.76度と低いため、人の体温で溶けて液体になります。
科学,人間の脳の電力は20ワット程度,冷蔵庫の庫内灯くらいのわずかな電力で、高度な処理を行っています。
科学,リンゴは85%が水なので水に浮く,内部に多くの空気を含んでいるため、全体としての密度が水より低いです。
科学,雪の結晶は一つとして同じ形がない,落下中の温度や湿度の変化により、複雑で固有の形に成長します。
科学,植物もストレスを感じると声を出す,乾燥などのストレス下で、人間には聞こえない超音波を発します。
科学,純粋な水は電気を通さない,不純物がない水には電気を運ぶイオンが存在しないため、絶縁体です。
科学,1グラムの鉄には膨大なエネルギーがある,アインシュタインの式E=mc2によれば、物質は莫大なエネルギーの塊です。
科学,世界で一番硬い物質はウルツァイト窒化ホウ素,ダイヤモンドを凌ぐ硬さを持つとされる、理論上の物質です。
科学,ヘリウムを吸うと声が高くなる,ヘリウムは空気より密度が低いため、声帯の振動数が変わるためです。
科学,金は非常に薄く伸ばすことができる,展性が高く、1gあれば畳2畳分、あるいは3kmの糸にまで伸ばせます。
科学,ガソリンの匂いは麻薬に近い成分,ベンゼンという成分が含まれており、脳に快感を与えることがあります。
科学,空気の80%は窒素である,正確には約78%が窒素、21%が酸素、残りがアルゴンなどです。
科学,ゴムは冷やすと伸びやすくなる,エントロピー弾性という性質により、温度が低いと縮む力が弱まるためです。
歴史,ピラミッドは重機なしで建てられた,数万人を動員し、傾斜路やテコを駆使して作られた巨大建築です。
歴史,忍者は走る時に手を振らない,刀や道具が音を立てないよう、体幹を固定して走る「ナンバ走り」です。
歴史,昔、胡椒は金と同じ価値があった,冷蔵庫のない時代、肉の保存や味付けに不可欠で極めて高価でした。
歴史,江戸時代は世界最高水準のリサイクル社会,紙、古着、灰まで回収業者がおり、徹底的に再利用していました。
歴史,織田信長は実は甘党だった,宣教師から贈られた金平糖や干し柿を好んで食べた記録があります。
歴史,真田幸村の本名は「信繁」である,「幸村」は後世の軍記物で広まった名前で、当時の史料では信繁です。
歴史,ナポレオンの身長は実は平均的だった,当時のフランス人の平均より少し高かったですが、単位の誤解で低く伝わりました。
歴史,日本最古の貨幣は富本銭といわれる,和同開珎よりもさらに古い、7世紀後半の貨幣遺跡が見つかっています。
歴史,徳川家康は健康オタクだった,自ら薬を調合し、麦飯を食べるなど食生活にも細心の注意を払いました。
歴史,聖徳太子は一度に10人の話を聞けた,非常に優秀で、多くの訴えを同時に理解し的確に返答した伝説です。
歴史,クレオパトラは実はギリシャ系,エジプトの女王ですが、血統的にはマケドニア系ギリシャ人です。
歴史,最初のマウスは木で作られていた,1963年にダグラス・エンゲルバートが開発した試作機は木製でした。
歴史,コロンブスは死ぬまでアメリカをインドだとした,新大陸を発見したとは認識せず、アジアの一部だと信じていました。
歴史,昔のテニスラケットは手だった,11世紀頃の原型は「手のひら」でボールを打ち合う遊戯でした。
歴史,世界初の切手はイギリスで誕生した,1840年に発行された「ペニー・ブラック」が世界最初の切手です。
歴史,日本初のハンバーガー店はドムドム,マクドナルドより早い1970年、町田市に一号店がオープンしました。
歴史,源頼朝は非常に慎重な性格だった,疑り深く、自身の権力を守るために親族さえも粛清する冷徹さがありました。
歴史,武士の食事は意外と質素だった,玄米と味噌汁、漬物が基本の「一汁一菜」が多く、健康的でした。
歴史,明治時代になるまで名字がなかった,一般庶民が公に苗字を名乗ることは、明治になるまで許されませんでした。
歴史,かつて貝はお金の代わりに使われた,「財」「貨」「買」など、お金に関係する漢字に「貝」が含まれる理由です。
生活,五円玉の穴は材料を節約するため,戦後のインフレと物資不足の際、コスト削減のために穴が開けられました。
生活,トランプの合計を足すと365になる,ジョーカー以外の数字を足すと364、ジョーカーを1とすると365になります。
生活,消しゴムができる前はパンを使っていた,パンの白い部分を丸めて、木炭デッサンの修正などに使っていました。
生活,切手の裏の糊はデンプンでできている,デンプンやポリビニルアルコールなど、舐めても害のない成分です。
生活,鏡は左右ではなく前後を反転させている,光の反射により、奥行き方向（前後）が逆になっている光学現象です。
生活,1円玉を作るのに2円以上かかる,原材料のアルミニウム価格や製造コストが高騰し、額面以上かかっています。
生活,鉛筆1本で56kmの線が書ける,芯がなくなるまで書き続けると、約50km〜56kmの距離が書けます。
生活,マヨネーズは腐らない食べ物の一つ,お酢の殺菌力と塩分により、細菌が繁殖しにくい保存食です。
生活,コーヒーの飲み過ぎは昔死刑対象だった,18世紀のスウェーデンで一時禁止され、飲むと罰せられました。
生活,かき氷のシロップは香料が違うだけ,実はベースの味は同じで、色と香りだけで脳が違う味と錯覚しています。
生活,信号の青はもともと緑色だった,本来は緑色ですが、日本独自の色彩感覚により「青信号」と呼ばれます。
生活,サウナの発祥はフィンランド,2000年以上前から生活の一部として定着している健康法です。
生活,ジャンケンの最初はグーは志村けんから,テレビ番組『8時だョ!全員集合』のコントから全国に広まりました。
生活,ガムを飲み込んでも溶けて排出される,消化されませんが、胃や腸を通過して数日で自然に排出されます。
生活,トイレットペーパーに裏表はない,メーカーによりますが、一般的にエンボス加工がある方が表です。
生活,ハチミツは数千年前のものでも食べられる,糖度が高く水分が極めて少ないため、細菌が繁殖せず腐りません。
生活,うがい薬の色はヨウ素の色,ヨウ素が持つ特有の褐色がそのまま薬の色になっています。
生活,コンビニの入り口が二重なのは虫除け,「風除室」によって店内の温度を保ち、虫や風の侵入を防ぎます。
生活,ホッチキスの針は古紙回収で外さなくて良い,製紙工場の破砕工程で、金属の針は簡単に除去できるためです。
生活,割り箸はもともと使い捨てではなかった,昔は高価な杉で作られ、洗って何度も大切に使われていました。
動物,シマウマの地肌は実は黒色,毛を剃ると真っ黒な肌が現れます。縞模様は毛の色です。
動物,タラバガニは生物学上ヤドカリの仲間,ハサミ脚を含めて足が8本しか見えず、ヤドカリに近い種族です。
動物,サメの歯は何回でも生え変わる,後ろに予備の歯が控えており、抜けるとすぐに新しい歯が出てきます。
動物,コウモリは哺乳類で唯一空を飛べる,ムササビ等は滑空ですが、コウモリは翼を羽ばたかせて飛行できます。
動物,カンガルーの赤ちゃんは1円玉サイズ,未熟な状態で生まれ、母親の育児嚢（袋）に移動して成長します。
動物,ラクダのコブの中身は水ではなく脂肪,砂漠でのエネルギー源として脂肪を蓄えており、水ではありません。
動物,キリンは一日に20分しか眠らない,野生では襲われないよう、立ったまま数分の短時間睡眠を繰り返します。
動物,アヒルの鳴き声はエコーしない,という伝説がありましたが、実験の結果、実際には反響することが判明しました。
動物,ミミズには心臓が5つある,体節ごとに血液を送るためのポンプ（擬心臓）を複数持っています。
宇宙,月には風がないので足跡が消えない,大気がないため風化が起きず、アポロ宇宙飛行士の足跡が残り続けます。
宇宙,宇宙空間では金属同士が勝手にくっつく,「冷間溶接」という現象で、真空中で酸化膜がない金属同士が融合します。
宇宙,太陽の重力は地球の約28倍,もし太陽の表面に行けたとしたら、体重60kgの人は1.6トンを超えます。
宇宙,火星にはかつて巨大な湖があった,探査機により水の流れた跡や鉱物が発見され、生命の可能性が示唆されています。
宇宙,宇宙の温度はマイナス270度,絶対零度（マイナス273.15度）に近い、極寒の世界が一様に広がっています。
宇宙,太陽系最大の惑星は木星,地球が1300個以上入るほどの体積を持つ、巨大なガス惑星です。
宇宙,土星の輪はほとんどが氷の粒,数センチから数メートルの氷の破片が、無数に土星の周りを回っています。
宇宙,宇宙から見ると地球は青く輝いている,地表の約7割を覆う海が太陽光を反射し、大気が青く散乱させるためです。
宇宙,天王星は苺のような香りがする説がある,大気上層に含まれる硫化水素が、腐った卵のような刺激臭を放つようです。
宇宙,月の裏側は地球から決して見えない,月の自転周期と公転周期が同じ「同期回転」のため、常に同じ面を向けています。
科学,ダイヤモンドは炭素でできている,鉛筆の芯と同じ炭素原子が、地下深くで高圧を受けて結晶化したものです。
科学,水は摂氏4度で最も密度が高くなる,4度で一番重くなり、0度で凍ると逆に体積が増えて軽くなるため氷は浮きます。
科学,光よりも速い物質はまだ見つかっていない,アインシュタインの相対性理論において、光速は宇宙の最高速度とされます。
科学,音は真空状態では伝わらない,音を伝える媒体（空気分子など）がないため、真空中では何も聞こえません。
科学,人間の体には微量の金が含まれている,体重70kgの人で約0.2mgの金が、主に血液中などに存在します。
科学,鉄は熱するとわずかに膨張する,熱で原子の振動が激しくなり原子間の距離が広がるため、体積が増えます。
科学,ゴムの木から採れる液体がゴムの原料,樹皮を傷つけると出る白い液体「ラテックス」を加工して作られます。
科学,石鹸は油とアルカリを混ぜて作る,油脂とアルカリを反応させると石鹸になります。これを鹸化と呼びます。
科学,空気の重さは1リットル約1.2グラム,透明で軽く感じますが、空気にもちゃんと質量があります。
科学,1gの金は3kmの長さに伸ばせる,金は全金属の中で最も展延性に優れており、極限まで薄く伸ばせます。
歴史,江戸時代の日本は識字率が非常に高かった,寺子屋が普及していたため、庶民でも読み書きができる人が多くいました。
歴史,最初の切手は「ペニー・ブラック」,1840年にイギリスで発行された、ヴィクトリア女王の肖像画の切手です。
歴史,昔、お茶は薬として飲まれていた,鎌倉時代などに伝来した当初は、健康長寿の薬として珍重されていました。
歴史,エジプトのミイラには心臓も残された,死後の審判で心臓の重さを量ると信じられていたため、大切に残されました。
歴史,真田幸村は実は赤備えではなかった,初陣は黒い甲冑でした。「赤備え」で有名になったのは大坂の陣からです。
歴史,かつて貝をお金として使った地域がある,アフリカや中国などで、美しい貝殻（タカラガイ）が通貨として流通しました。
歴史,古代ローマでは公衆浴場が人気だった,「テルマエ」と呼ばれる大浴場は、市民の社交場として賑わっていました。
歴史,日本初の鉄道は新橋ー横浜間,1872年に開業し、「陸蒸気（おかじょうき）」と呼ばれて親しまれました。
歴史,織田信長は新しいものが大好きだった,鉄砲や地球儀、ワインなど、南蛮渡来の品々を積極的に取り入れました。
歴史,武士は身だしなみにとても気をつかった,いつ討ち死にしても恥ずかしくないよう、兜に香を焚き染めていました。
生活,日本の信号の「緑」を「青」と呼ぶ理由,古来、日本語では緑色も含めて「青」と表現する文化があったためです。
生活,かき氷を食べると頭が痛くなる理由,冷たい刺激を神経が痛みとして誤認する「アイスクリーム頭痛」です。
生活,日本で最初にカレーを食べたのは誰？,1871年に渡米した物理学者の山川健次郎が、船上で食べたという説があります。
生活,トランプの絵札のモデルは歴史上の人物,キングの4人はダビデ王、アレキサンダー大王、カエサル、シャルルマーニュです。
生活,マヨネーズは卵と油と酢でできている,卵黄が「乳化剤」となり、本来混ざらない油と酢を混ぜ合わせています。
生活,1円玉の重さはちょうど1グラム,1円玉は1g、50円玉は4gなど、硬貨の重さは厳密に決められています。
生活,救急車のサイレンはドップラー効果,近づく時は音が高く、遠ざかる時は音が低く聞こえる物理現象です。
生活,日本の郵便ポストは昔は黒色だった,当初は黒でしたが、夜に見えにくいため、目立つ赤色に変更されました。
生活,箸の文化はアジア特有のもの,米を食べる文化圏を中心に、中国から日本や朝鮮半島へ広がりました。
生活,醤油の原料は大豆と小麦と塩,これらに麹菌を加えて発酵させ、長い時間をかけて熟成させて作ります。
動物,ハチドリは後ろ向きに飛べる,翼を高速で動かし、空中で静止（ホバリング）したり後退したりできます。
動物,カタツムリは数年間眠り続けられる,乾燥などの悪条件が続くと、殻に膜を張って数年間も休眠可能です。
動物,犬の嗅覚は人間の数万倍,特定の匂いに関しては、人間の100万倍から1億倍もの感度を持つとされます。
動物,象の鼻には骨が一本も入っていない,約10万個もの筋肉の束でできており、器用に動かすことができます。
動物,ワニの性別は卵の時の温度で決まる,卵が置かれた場所の温度が30度以下ならメス、33度以上ならオスになります。
動物,カメレオンは舌を体より長く伸ばせる,縮めていた筋肉を一気に解放し、バネのように舌を飛ばして獲物を捕らえます。
動物,ホッキョクグマの毛は実は透明,毛の内部が空洞になっており、光を散乱させるため白く見えています。
動物,ペンギンの膝は常に曲がっている,外からは見えませんが、体の中で人間のように膝を曲げてしゃがんだ状態です。
動物,タコの血は青色をしている,人間の血液は鉄（ヘモグロビン）ですが、タコは銅（ヘモシアニン）で酸素を運ぶためです。
動物,リスは埋めた木の実の場所を忘れる,掘り出し忘れた木の実から芽が出て、森の木々を増やすのに貢献しています。
宇宙,ブラックホールの中心は重力が無限大,光さえ脱出できない「事象の地平線」の中心には、特異点が存在します。
宇宙,地球の一日は少しずつ長くなっている,潮汐力によるブレーキ効果で、100年で1000分の数秒ずつ長くなっています。
宇宙,火星には地球の倍の高さの火山がある,オリンポス山は太陽系でも最大級の火山で、裾野も非常に広大です。
宇宙,木星の「大赤斑」は巨大な嵐,地球がまるごと数個入るほどの大きさの嵐で、数百年以上消えずに続いています。
宇宙,宇宙飛行士は宇宙で背が伸びる,無重力で背骨の椎間板への圧力がなくなり、身長が数センチ伸びることがあります。
宇宙,月の砂は非常に細かく尖っている,大気がないため風化して丸くならず、尖った砂「レゴリス」が表面を覆っています。
宇宙,太陽は水素とヘリウムでできている,巨大なガスの塊で、中心部での核融合反応により莫大なエネルギーを出しています。
宇宙,金星は太陽系で最も熱い惑星,厚い二酸化炭素の大気による温室効果で、表面温度は約460℃にも達します。
宇宙,冥王星はハート型の模様がある,表面の平原に、窒素の氷でできた白く巨大なハート型の模様が確認されています。
宇宙,天の川銀河には数千億の星がある,太陽はその中のありふれた恒星の一つに過ぎず、銀河は想像を絶する広さです。
科学,人間のDNAはバナナと50%同じ,生物としての基本的な生命維持機能に関わる遺伝子が、多くの種で共通しているためです。
科学,ヘリウムは宇宙で2番目に多い元素,水素に次いで多く、宇宙の全質量の約24%を占めています。
科学,熱いお湯の方が水より早く凍る現象,「ムペンバ効果」と呼ばれますが、必ず起こるわけではなく条件によります。
科学,バナナは実はベリーの一種,植物学的な分類では、果肉の中に種が含まれるためベリー（液果）に分類されます。
科学,10円玉の原料はほとんどが銅,成分の95%が銅、残りが亜鉛と錫で構成される「青銅」です。
科学,空気の成分は窒素が約78%,生物が呼吸に使う酸素は約21%で、残りはアルゴンや二酸化炭素などです。
科学,水分子は酸素1つと水素2つ,H2Oという化学式の通り、一つの酸素原子に二つの水素原子が結合しています。
科学,金は酸にも強く錆びにくい,非常に安定した金属で、塩酸と硝酸を混ぜた「王水」以外にはほとんど溶けません。
科学,ガラスは砂（ケイ砂）から作られる,主成分は二酸化ケイ素で、砂を高温で溶かし、急冷して作られます。
科学,火は無重力だと丸い形になる,重力がないと上昇気流が起きないため、炎は球状になります。
歴史,忍者の武器「手裏剣」は牽制用,敵を倒すためというより、逃げる際の目くらましや牽制に使われました。
歴史,ピラミッドの石は1個2トン以上,平均2.5トンの石灰岩を200万個以上積み上げて作られています。
歴史,中世ヨーロッパではスパイスは超高級,冷蔵技術がない時代、肉の保存や臭み消しとして金と同等の価値がありました。
歴史,卑弥呼は鬼道で国を治めていた,「鬼道」と呼ばれる呪術や占いを用いて、国を統治していたとされます。
歴史,徳川家康は薬作りが趣味だった,健康への関心が高く、自ら薬草を調合して服用し、当時としては長生きしました。
歴史,古代ギリシャで五輪が始まった,紀元前8世紀頃、オリンピアで神ゼウスに捧げる祭典として始まりました。
歴史,かつてアメリカでは禁酒法があった,1920年から1933年まで、お酒の製造や販売が法律で禁止されていました。
歴史,日本初の新聞は幕末に誕生,1862年に発行された翻訳新聞『官板バタビヤ新聞』が最初と言われています。
歴史,クレオパトラは7か国語話せた,エジプト語の他にも多くの言語を操り、外交交渉を有利に進めた才女でした。
歴史,武田信玄はトイレが非常に広かった,トイレを「山」と呼び、書斎のように広くして作戦を練っていたそうです。
生活,日本の祝日が月曜日に多い理由,「ハッピーマンデー制度」により、連休を作って余暇を増やすため移動されました。
生活,卵の殻の色は親鳥の種類で決まる,一般的に羽が白い鶏は白い卵、茶色の鶏は赤い卵を産みます。
生活,消しゴムの成分はプラスチック,昔はゴムでしたが、現在は消しやすい塩化ビニル樹脂（プラスチック）が主流です。
生活,コンビニの24時間営業は日本から,1975年にセブンイレブンが福島県の店舗で24時間営業を始めました。
生活,サウナはフィンランド発祥,フィンランドには人口とほぼ同数のサウナがあり、生活に欠かせない文化です。
生活,信号の並び順は世界共通の部分が多い,横型信号の場合、最も重要な「赤」を右側（対向車線側）に配置します。
生活,雨の匂いの正体はペトリコール,乾燥した地面の微生物が出す油分などが、雨で空中に舞い上がった匂いです。
生活,飛行機の窓が丸いのは強度のため,四角いと角に応力が集中して亀裂が入りやすいため、丸くして力を分散させています。
生活,トイレットペーパーは水に溶ける,水洗トイレで詰まらないよう、水流で繊維がほぐれやすいように作られています。
生活,鉛筆の芯は黒鉛と粘土でできている,黒鉛が多いと濃く柔らかい芯（B）になり、粘土が多いと薄く硬い芯（H）になります。
愛知,愛知県の製造品出荷額は日本一,約50兆円規模の製造品を出荷し、日本全体の製造業の約15%を占める工業の中心地です。
愛知,名古屋城の金のシャチホコは屋根に本物ではない,本物の金鯱は天守閣内に展示されており、屋根のシャチホコは合金製のレプリカが使われています。
愛知,織田信長・豊臣秀吉・徳川家康は全員愛知県出身,戦国の三英傑が同じ地から輩出されたのは、尾張・三河の地政学的な要因があるとも言われます。
愛知,愛知県のキク出荷量は日本一,全国のキクの約3割が愛知県産で、特に渥美半島は「菊の半島」とも呼ばれています。
愛知,ひつまぶしは1杯で3種類の食べ方を楽しめる,そのまま・薬味と混ぜて・お茶漬けの3通りで楽しむ、名古屋を代表するうなぎ料理です。
愛知,豊田市はトヨタのために市名を変えた,かつての「挙母市（ころもし）」が1958年にトヨタ自動車の企業城下町として「豊田市」に改名しました。
愛知,名古屋港の輸出額は日本最大級,特に自動車関連品の輸出が多く、世界各地へ日本製の車を送り出す重要な港湾です。
愛知,愛知県の溜池の数は日本一,約4万8000か所もの溜池があり、水資源の乏しい東三河地方の農業を長年支えてきました。
愛知,名古屋城本丸御殿は47年かけて復元された,戦災で失われた江戸時代の豪華な御殿を、47年もの歳月と技術を結集して完全復元しました。
愛知,愛知県はウズラ卵生産量が全国7割を占める,全国の約7割のウズラ卵が愛知県産で、豊橋市周辺が主な産地となっています。
愛知,熱田神宮には三種の神器「草薙剣」が祀られている,名古屋市熱田区に鎮座する格式高い神社で、日本神話に登場する神聖な剣を御神体とします。
愛知,名古屋コーチンは140年以上の歴史を持つ地鶏,明治時代に生まれた愛知県原産の地鶏で、その深みのある味わいは全国でブランド化されています。
愛知,岡崎市は徳川家康の生誕地,岡崎城内の「産湯の井戸」が今も残っており、毎年4月には「家康行列」が盛大に行われます。
愛知,セントレアは伊勢湾の沖合に浮かぶ人工島の空港,2005年に常滑市沖に開港した中部国際空港は、旅客サービスの高さで世界的にも評価されています。
愛知,あんかけスパゲッティは名古屋独自の食文化,スパイシーな餡がかかった太麺のスパゲッティで、名古屋の喫茶店が育てたご当地グルメです。
愛知,瀬戸物（せともの）の語源は愛知県瀬戸市,陶磁器の産地として有名な瀬戸市の名に由来し、陶磁器全般を指す言葉として定着しました。
愛知,犬山城は現存する日本最古級の木造天守,1537年に建てられた国宝の城で、木曽川沿いの断崖に白く美しくそびえ立っています。
愛知,名古屋のモーニングサービスはコーヒー1杯でトーストが付く,名古屋発祥のモーニング文化は、喫茶店でコーヒーを頼むだけで充実した朝食がつきます。
愛知,半田市はミツカンの創業地,江戸時代から続く酢の醸造で知られ、「MIZKAN MUSEUM」では酢の歴史と文化を体験できます。
愛知,西尾市は国内屈指の抹茶産地,温暖な気候と豊富な湧き水に恵まれた西尾市は、江戸時代から続く高品質な抹茶の産地です。
愛知,豊橋は路面電車が現役で走る街,豊橋鉄道市内線は今も現役で、冬には「おでんしゃ」など個性的なイベント電車も人気です。
愛知,守口大根（もりぐちだいこん）は世界最長の大根,一般的には愛知・岐阜で栽培される細長い大根で、その長さは120cmにも達することがあります。
愛知,常滑焼は日本六古窯の一つ,平安時代から続く常滑市の陶芸は1000年以上の歴史を持ち、急須や土管が特に有名です。
愛知,八丁味噌は岡崎市八丁で作られる,大豆と塩だけで作る豆味噌の一種で、木桶に仕込み重石を積んで2年以上熟成させます。
愛知,愛知県の人口は全国4位,約754万人（2024年時点）を抱える大県で、東京・神奈川・大阪に次ぐ規模を誇ります。
愛知,名古屋テレビ塔は日本初の集約電波塔,1954年に完成した日本最初の集約電波鉄塔で、東京タワーより古い歴史を持ちます。
愛知,豊橋カレーうどんは底にご飯を隠した二層構造,どんぶりの底にとろろ芋とご飯が入り、その上に濃厚なカレーうどんが乗る豊橋のご当地グルメです。
愛知,愛知県の花はカキツバタ,知立市の杜若（かきつばた）は在原業平が詠んだ歌で有名で、愛知を代表する花として県花に選ばれています。
愛知,伊良湖岬は秋の渡り鳥の名所,渥美半島の最先端から毎年秋、サシバなど多くの猛禽類が大陸へ渡る壮大な光景を見ることができます。
愛知,名古屋の地下鉄は全国初の本格的全密閉冷房車を完全導入,先進的な設備投資で知られ、全国の地下鉄に先駆けて通年冷房化を実現しました。
愛知,豊田スタジアムは2002年W杯の会場になった,矢作川の上にグラウンドが張り出す珍しい設計の豊田スタジアムは、日韓W杯の開催地として国際的に注目されました。
愛知,名古屋弁の「でら」はとても・非常にという意味,「でらうまい（とてもおいしい）」など、名古屋の方言「名古屋弁」の中でも特徴的な表現です。
愛知,愛知県の県木はハナノキという希少樹,愛知・岐阜・長野の三県境付近の湿地にのみ自生する希少な木で、春に赤い花を咲かせます。
愛知,豊田佐吉が発明した自動織機がトヨタの源流,豊田市に生まれた豊田佐吉の自動織機技術が、後の豊田自動織機→トヨタ自動車の礎となりました。
愛知,愛知には「スガキヤ」という独自のラーメンチェーンがある,名古屋を中心に展開する「スガキヤ」は豚骨とかつおのあっさりスープが特徴で、愛知県民のソウルフードです。
愛知,蒲郡は温室メロンの産地,三河湾を望む温暖な気候を活かして育てる蒲郡産メロンは、甘みが強くブランドフルーツとして人気があります。
愛知,名古屋市は碁盤の目状に整備された城下町,名古屋城築城に伴い碁盤割の街が整備され、現在の中心部の道路網の骨格になっています。
愛知,知多半島は愛知用水で劇的に変わった,昭和30年代に完成した愛知用水が半島に水をもたらし、農業・工業・生活が大きく発展しました。
愛知,名古屋コーチンの卵は一般の鶏卵より濃厚,黄身の色が濃くコクが強いため、卵かけご飯やスイーツに使うと格別の風味が楽しめます。
愛知,大府市はウェルネスバレー構想の中心地,健康・医療・福祉を軸とした産業クラスターとして国が指定した先進的な医療産業集積地です。
愛知,愛知県はロボット産業の集積地,自動車産業で培った高度な製造技術を活かし、産業用ロボットやAI関連企業が多数立地しています。
愛知,清洲城は織田信長が本拠地とした城,尾張支配の中心として信長が改修・活用した清洲城は、現在の愛知県清須市に復元天守がそびえます。
愛知,長篠の戦いは愛知県新城市で起きた,1575年に織田・徳川連合軍が武田騎馬隊を鉄砲で破った歴史的な戦いで、現地には古戦場跡が残ります。
愛知,三河木綿は徳川幕府の御用布地だった,三河地方で生産された丈夫な木綿は、江戸幕府の御用布として採用されるほど品質が高かったです。
愛知,日本最大のフラワーパーク「フラワーパーク江南」がある,大規模な花の公園が愛知各地にあり、特に春の藤まつりや菊人形展は多くの観光客を集めます。
愛知,愛知県には国宝建造物が多数ある,犬山城・名古屋城の金鯱・熱田神宮の宝刀など、歴史的価値の高い文化財が多く存在します。
愛知,三河地方はトヨタの約束を「三河商人の義理」で守り続けた企業文化,「義理を重んじ堅実に働く」三河気質がトヨタの「カイゼン文化」の精神的背景とも言われます。
愛知,愛知県は花火師の産地でもある,三河地方は古くから花火産業が盛んで、全国各地の花火大会に愛知産の花火が使われています。
愛知,愛知の郷土料理「煮味噌」は家庭の定番,野菜や豆腐をぐつぐつ煮た赤味噌仕立ての煮物で、愛知の食文化を象徴するシンプルな料理です。
愛知,2026年のアジア大会は愛知・名古屋で開催予定,愛知県と名古屋市を主会場にアジア競技大会が開催予定で、スポーツ・観光・経済の面で大きな注目を集めています。
おバカ,世界一長い地名は92文字ある,ニュージーランドの丘の名前で、現地の言葉で物語のような長い名前です。
おバカ,マヨネーズを名乗るには厳しい法律がある,卵の割合や油の種類など、JAS規格の基準を満たさないとマヨネーズと名乗れません。
おバカ,コアラはユーカリの葉しか食べないが不味い,ユーカリには毒があり栄養も少ないため、コアラは解毒のために一日中寝ています。
おバカ,昔のアイスランドではビールが禁止,1989年までビールは禁止されていました。解禁日は「ビールの日」として祝われます。
おバカ,ペンギンは石をプレゼントしてプロポーズ,オスが気に入った小石をメスに渡し、受け取ってもらえればカップル成立です。
おバカ,ナマケモノはあまりに動かず苔が生える,体毛に苔が生えることで、ジャングルの中で保護色となり身を守っています。
おバカ,猫の鳴き声「ニャー」は人間用,猫同士はボディランゲージや匂いで会話しており、鳴き声は主に対人間用です。
おバカ,ゴリラの血液型はすべてB型,ニシローランドゴリラは全員B型とされています。（種によって異なります）
おバカ,世界一高い場所にある郵便ポストは海の中,和歌山県すさみ町の海底10mに設置されており、専用ハガキで投函可能です。
おバカ,アヒルの足は凍らない,「ワンダーネット」という熱交換機能を持つ血管があり、冷たい水でも体温を保てます。
おバカ,クモの糸を合わせると飛行機を止められる,理論上、鉛筆ほどの太さのクモの糸があれば、ジャンボジェット機を捕獲できます。
おバカ,スイスには「一人でモルモットを飼う」禁止,社会性の強い動物なので、一匹だけで飼うことは虐待とみなされ法律で禁止です。
おバカ,1gの金は3kmの長さに伸ばせる,金は非常に伸びやすく、わずか1gで3000mもの金糸に加工することができます。
おバカ,地球上で一番売れている本はカタログ,家具店IKEAのカタログは、かつて年間2億部以上発行され聖書を超えていました。
おバカ,かつてアメリカではトマトは毒扱い,ナス科の植物で毒草に似ていたため、200年近く観賞用として恐れられていました。
おバカ,フランスでは「豚にナポレオンと名付ける」禁止,法律で明記されているわけではありませんが、英雄への侮辱となるためタブーです。
おバカ,オーストラリアには「頭を打って天才」事例,頭部への衝撃で脳機能が変化し、突然数学や芸術の天才になるサヴァン症候群です。
おバカ,牛には親友がいる,特定の仲の良い牛と一緒にいないと、ストレスで心拍数が上がることが分かっています。
おバカ,カタツムリは殻を脱ぐと死ぬ,殻の中には内臓が詰まっており、体と一体化しているため、脱ぐことはできません。
おバカ,トウモロコシの粒の数は必ず偶数,おしべの分裂の仕組み上、必ず2つ1組で粒ができるため、偶数になります。
おバカ,金魚の記憶力は3秒ではない,実験によると、少なくとも数ヶ月は記憶を保持でき、飼い主の顔も識別できるようです。
おバカ,バナナの皮には滑る成分が本当にある,踏むと皮の繊維がつぶれて潤滑油のような液体が出るため、物理的に本当によく滑ります。
おバカ,イルカはフグを突っついてハイになる,フグ毒の痺れを楽しむために、集団でフグを突っつく様子が撮影されています。
おバカ,キリンの舌は50cmもある,高い木のとげを避けて葉を巻き取るため、非常に長く器用な舌を持っています。
おバカ,ラクダのまつ毛は3段になっている,砂漠の激しい砂嵐から目を守るため、まつ毛が長く多重構造になっています。
おバカ,世界一高い建物の中には巨大な錘,台北101などの超高層ビルには、風の揺れを打ち消す巨大なダンパーが吊るされています。
おバカ,昔のケチャップは薬として販売,1830年代のアメリカでは、トマトの殺菌作用を利用して胃薬として売られていました。
おバカ,トランプのスペードのエースは特別扱い,昔、トランプに税金がかけられていた際、納税証明印をエースに押した名残です。
おバカ,カバの汗は強力な日焼け止め,カバの赤い汗には、紫外線をカットし細菌感染を防ぐ成分が含まれています。
おバカ,ワニは一生に一度も目をつぶらない,透明な瞬膜という瞼があり、水中で目を守りながら視界を確保しています。
おバカ,蟻は自分の体重の50倍を持てる,筋肉の構造が効率的で、人間がトラックを持ち上げるくらいの怪力を持っています。
おバカ,象は足の裏で遠くの音を聞く,足の裏で地面の低周波振動を感知し、数キロ離れた仲間の位置を知ることができます。
おバカ,タコは鏡を見て自分だとわかる,鏡に映った姿を自分と認識できる「鏡像認知」能力を持つ、数少ない無脊椎動物です。
おバカ,世界で一番古いガムは9000年前,スウェーデンで発見された9000年前の噛み跡付きの樹脂が、最古のガムとされます。
おバカ,鳥は空中で眠ることができる,渡り鳥などは脳を半分ずつ休ませることで、飛びながら睡眠をとることができます。
おバカ,カエルは目を使って食べ物を飲み込む,眼球を口の中に引っ込めることで、その圧力を使って食べ物を喉に押し込みます。
おバカ,宇宙から万里の長城は見えない,かつては見えると言われましたが、幅が狭いため肉眼で確認するのは不可能です。
おバカ,1円玉は水に浮く,アルミニウムは軽い金属なので、静かに置けば水の表面張力で浮かせることができます。
おバカ,醤油は英語でも「Soy Sauce」,Soyは大豆、Sauceはタレ。そのまま「大豆のソース」という意味です。
おバカ,猫にチョコレートは毒,テオブロミンという成分を分解できず、中毒症状を起こすため絶対に与えてはいけません。
おバカ,犬はテレビをコマ送りで見ている,人間より動体視力が優れているため、旧来のテレビ画面はチラついて見えています。
おバカ,マヨネーズは賞味期限が切れても数ヶ月,お酢と塩による殺菌効果が高いため、未開封ならかなり長持ちします。
おバカ,世界一高い山は海底から測るとハワイ,マウナ・ケア山は海底部からの高さが1万メートルを超え、エベレストより高いです。
おバカ,雨の匂いの正体はペトリコール,地面の細菌が出す物質や植物の油分が、雨粒で弾けて空気中に広がる匂いです。
おバカ,トランプのKはすべて実在の王,スペードはダビデ王、ハートはシャルルマーニュなど、モデルが存在します。
おバカ,ガムを飲み込んでも排出される,「7年体内に残る」というのは迷信で、消化されずにそのまま排泄されます。
おバカ,ハチは自分の巣の場所を太陽で覚える,太陽の位置をコンパス代わりにして、巣や花畑の方向を正確に把握しています。
おバカ,人間は一生のうちに3万回あくび,脳の温度調節や覚醒を促すために、胎児の頃からあくびをしています。
おバカ,眠れない時に羊を数えるのは語呂合わせ,英語のSleepとSheepの発音が似ており、暗示効果があるためと言われます。
おバカ,お腹が鳴るのは掃除のサイン,空腹時に胃が強く収縮し、食べ物のカスを腸へ送り出す「掃除運動」の音です。
ギネス,世界一長い髪の毛は5mを超える,中国の女性が記録した長さで、13歳の頃から30年以上伸ばし続けたそうです。
ギネス,世界一大きいピザはバスケットコート並,総重量12トン以上、1200平米を超える巨大ピザがイタリアで作られました。
ギネス,世界一速く走る男はボルト,ウサイン・ボルトが記録した100m9秒58は、時速になおすと約44.7kmです。
ギネス,世界一長生きした猫は38歳,クリーム・パフという名前の猫で、人間なら約170歳まで生きたことになります。
ギネス,世界一重いカボチャは1トン以上,品種改良と徹底管理により、軽自動車よりも重いカボチャが育てられています。
ギネス,世界一高いピザの値段は約130万円,金箔、トリュフ、最高級キャビアを散りばめた、イタリアの超豪華ピザです。
ギネス,世界一長い映画は857時間,『アンビアンセ』という実験映画で、全編を見るのに不眠不休でも30日以上かかります。
ギネス,世界一うるさい叫び声は飛行機並み,129デシベルという記録があり、ジェット機のエンジン音に匹敵する大音量です。
ギネス,世界一多くの指を持つ人は計34本,インドの男性で、手足の指が合計34本ある多指症のギネス記録です。
ギネス,世界一高い場所からのスカイダイビング,成層圏である高度3万9000メートルからのダイビングに成功しています。
ギネス,世界一多くのハンバーガーを食べた男,ドナルド・ゴースケ氏は、生涯で3万個以上のビッグマックを完食しました。
ギネス,世界一長い爪を持つ女性,両手の爪の合計の長さが13メートルを超え、日常生活には多大な苦労があったそうです。
ギネス,世界一小さい犬は体高約10cm,チワワの「ミラクル・ミリー」は、なんとスニーカーにもすっぽり入る大きさでした。
ギネス,世界一大きいシャボン玉は車が入る,あるアーチストが作ったシャボン玉は、セダン型の車一台を包み込みました。
ギネス,世界一長い橋は160km以上,中国の丹陽-昆山特大橋は全長164.8kmもあり、東京から静岡までの距離に相当します。
ギネス,世界一高い歌声を出せる女性,ピアノの鍵盤の端よりもさらに高い、人間離れした超高音を出すことができます。
ギネス,世界一速いタイピング,一分間に800文字以上を入力する記録があり、もはや指の動きが見えません。
ギネス,世界一長いドミノ倒しは400万本,オランダのチームが達成し、全て倒れるまでに相当な時間がかかりました。
ギネス,世界一多い家族は180人以上,インドのジオーナ氏は39人の妻を持ち、子供や孫を含めると180人以上の大家族でした。
ギネス,世界一大きいテディベアは20m,メキシコのスタジアムで作られたぬいぐるみは、全長約20メートルもありました。
ギネス,世界一長いゴムボート,全長30メートル以上あり、スキー場の雪の上を大勢で滑り降りるイベントで使われました。
ギネス,世界一高いジャンプをした犬,グレイハウンドという犬種が、191.7cmの壁を飛び越えた記録があります。
ギネス,世界一速くベッドメイキングする人,ホテルの支配人が、BOXシーツを完璧にセットするまでわずか69秒という記録があります。
ギネス,世界一多くのTシャツを同時に着た,260枚ものTシャツを重ね着し、ダルマのような見た目で歩くのもやっとでした。
ギネス,世界一長いレゴの塔,イスラエルで作られたレゴタワーは高さ36メートルに達し、ギネス記録となりました。
ギネス,世界一長いパンの長さは1km,スペインで焼かれたフランスパンは長さ1.2kmもあり、街の人々に振る舞われました。
ギネス,世界一速くレモンを食べる,皮を剥いたレモン一個を、わずか17秒で完食した記録があります。
ギネス,世界一長いスライドショー,3人が交代しながら写真を映し続け、84時間以上も連続でプレゼンを行いました。
ギネス,世界一大きいコーヒーカップ,ラスベガスで作られ、約7600リットル（浴槽数十杯分）のコーヒーが入りました。
ギネス,世界一速いトイレ,イギリスの発明家がトイレにエンジンを載せ、時速85kmで爆走することに成功しました。
ギネス,世界一長いトランプの塔,アメリカの建築家がトランプだけで作った塔は、高さ7.86メートルに達しました。
ギネス,世界一多くの風船を割る犬,ジャックラッセルテリアのトゥインキー君は、100個の風船を39秒で全て割りました。
ギネス,世界一高いハイヒール,ヒールの高さが40cm以上ある靴が作られましたが、実際に歩くのは至難の業です。
ギネス,世界一大きいパズル,5万ピースを超えるジグソーパズルが市販されており、完成には数ヶ月を要します。
ギネス,世界一長い名前を持つ店,イギリスにあるパブの名前は文字数が多すぎて、看板が建物を一周しています。
ギネス,世界一速くルービックキューブ,アメリカの青年が、3.13秒で3x3のルービックキューブを揃える世界記録を出しました。
ギネス,世界一長いトンネル,スイスのゴッタルドベーストンネルは全長57kmあり、鉄道トンネルとして世界最長です。
ギネス,世界一重い金貨は1トン,オーストラリアで作られた巨大な金貨は、純金1トン（約60億円相当）の価値があります。
ギネス,世界一高いアイスクリーム,ドバイのカフェで提供されるアイスは金箔尽くしで、一杯約88万円もします。
ギネス,世界一速い野球の球速,アロルディス・チャップマン投手が投げた169km/h（105.1マイル）がギネス認定されています。
ギネス,世界一大きい時計,サウジアラビアの「アブラージュ・アル・ベイト」にある時計塔は、直径43mもあります。
ギネス,世界一長いペン,インドで作られたボールペンは長さ5.5メートルもあり、実際にインクが出て書くことも可能です。
ギネス,世界一多い応募があった懸賞,ペプシコーラの懸賞キャンペーンには、世界中から1億通以上の応募が集まりました。
ギネス,世界一速くココナッツを割る,手刀や肘などで、1分間に122個ものココナッツを叩き割った武道家がいます。
ギネス,世界一重い自転車,ベルギーの男性が作った自転車は重さ860kgもあり、巨大なタイヤで実際に走行可能です。
ギネス,世界一高い場所でのテニス,ドバイのホテルのヘリポートにて、地上約200mの高さでテニスの試合が行われました。
ギネス,世界一大きい手を持つ男,トルコの男性の手首から中指の先までは28.5cmもあり、バスケボールを片手で掴めます。
ギネス,世界一長いソーセージ,ルーマニアで作られたソーセージは全長62kmもあり、つなぎ目なしの一本として認定されました。
ギネス,世界一速いカメ,「バーティ」と名付けられたカメは、時速約1km（秒速28cm）で走り、カメ界のボルトと呼ばれます。
ギネス,世界一高い階段,スイスのニーセン山にある階段は11674段あり、一般開放されるレースの日は過酷な登山となります。
学校,黒板が緑色なのに「黒板」と呼ぶ理由,明治時代の導入当初は黒い塗料を使っていましたが、後に教師・生徒の目に優しい深緑色のものに切り替わりました。
学校,ランドセルはオランダ語の「ランセル」が語源,江戸時代に兵士が使っていた背嚢（はいのう）「ransel」が転訛し、通学用カバンとして定着しました。
学校,日本の学校給食の始まりは明治22年,山形県鶴岡市の小学校で、貧しくお弁当を持参できない児童のためにおにぎりと漬物を提供したのが起源です。
学校,上履きを校内で履く文化は日本独自,屋内で靴を脱ぐ日本の生活習慣が学校教育に反映されたもので、衛生面や床材保護の目的もあります。
学校,学校のチャイムはビッグベンの旋律が元,ロンドンの国会議事堂時計塔（ビッグベン）に使われる「ウェストミンスターの鐘」の旋律が日本中に広まりました。
学校,運動会の紅白分けは源平合戦が起源,源氏の白旗・平家の赤旗に由来するとされ、明治時代の陸軍運動会で採用されたのが全国に波及しました。
学校,シャーペンの芯のHはHard・BはBlack,Hが多いほど硬く薄く、Bが多いほど軟らかく濃くなり、FはFirm（中間の硬さ）を意味します。
学校,理科室の実験台が黒い理由は視認性,白や透明の薬品・粉末をこぼしたときにすぐ発見できるよう、表面に黒い耐薬品性の素材が使われています。
学校,三角定規の穴は滑り止め防止のための機能,定規を紙面から持ち上げやすくするとともに、空気逃がしによる吸着を防いでスムーズに移動させるためです。
学校,校庭の白線は昔、消石灰だった,かつかつて体に有害な消石灰が使われていましたが、アレルギー・皮膚炎の懸念から現在は安全な炭酸カルシウムへ移行しました。
学校,体育座りの正式名称は「体育座り」ではない,文部科学省の名称は「体育座り（三角座り）」で、学術的には「長座」「膝抱え座り」とも呼ばれます。
学校,学校の屋上が施錠されている法的根拠,建築基準法や学校安全の観点から転落防止のためで、ドラマのような開放された屋上は実際にはほぼ存在しません。
学校,給食の牛乳が200mlに統一された背景,文部科学省の学校給食法に基づき、1食あたりのカルシウム摂取量確保のため200mlが標準量として定められています。
学校,掃除の時間に流す「天国と地獄」は通称,オッフェンバックの『天国と地獄（地獄のオルフェ）』の序曲で、テンポが速く掃除を急かすのに適していたため広まりました。
学校,学校の避難訓練の合言葉「おかしも」,押さない・駆けない・喋らない・戻らないの頭文字で、文部科学省が策定した避難行動の基本指針です。
学校,チョークが黒板に書ける理由は硬さの差,黒板の表面より柔らかい炭酸カルシウム（チョーク）が削れることで文字が書かれる仕組みです。
学校,黒板消しクリーナーは自動車の集塵機技術から,チョーク粉を吸引する機械式フィルターは、産業用集塵機の技術を学校向けに小型化したものです。
学校,日本の義務教育は世界でも早い1900年導入,小学校令改正により1900年に義務教育が無償化・強化され、就学率は急速に100%近くに達しました。
学校,給食のソフト麺の正式名称は「ソフトめん」,文部科学省が指定した「ソフトスパゲッティ式めん」の略で、東京を中心に1960年代に普及しました。
学校,体育館のフロアに使われる木材はほぼ国産楓,硬さと弾力のバランスが良い楓（カエデ）系の木材が、スポーツ競技の衝撃吸収に最適とされています。
学校,学校プールの水は塩素で消毒される,次亜塩素酸ナトリウムで殺菌しており、文部科学省が遊離残留塩素0.4mg/L以上の維持を義務付けています。
学校,音楽室に作曲家の肖像画が並ぶのは歴史的慣習,明治時代に西洋音楽教育が導入された際、西洋の偉大な作曲家を敬うために掲示されたのが始まりです。
学校,英語で「school」の語源は古代ギリシャ語「余暇」,「schole（スコレー）」は「余暇・暇な時間」を意味し、学ぶ余裕がある者がいた場所が語源です。
学校,日本の小学校の教室の広さは64㎡が標準,文部科学省の学校施設整備指針により、1学級の教室面積は64㎡（約38畳）が標準基準として定められています。
学校,ランドセルが入学祝いに普及したのは昭和期,戦前は布製の風呂敷が主流でしたが、戦後の高度成長期に人工皮革の普及とともにランドセルが定着しました。
学校,卒業式で第2ボタンを渡す文化の起源は不明,昭和30〜40年代の映画・ドラマがきっかけとも、旧制高校の風習が転訛したとも言われますが定説はありません。
学校,習字に使う墨は松の木から作られる,松の木を燃焼させて生じた煤（すす）を原料に、にかわで固めて作る「松煙墨」が伝統的な墨の製法です。
学校,分度器の起源は古代エジプト,角度を測る道具の原型は約4000年前のエジプトで使われたとされており、現在の半円形は19世紀に普及しました。
学校,教科書に使われる紙は特殊な「書籍用紙」,目に優しい淡いクリーム色で、表裏の透けを極力抑える高不透明度の紙が文部科学省検定用に使用されます。
学校,連絡帳は明治時代の「日記帳」が起源,家庭と学校の連絡手段として、明治初期の「学校日誌」から家庭向けに発展した記録簿が連絡帳の原型です。
学校,学校のトイレのドアが外開きの理由は安全性,内開きだと中で倒れた人がいた場合に開けられなくなるため、外開きが安全基準として推奨されています。
学校,出席番号が5月1日基準の理由,小学校・中学校では、5月1日現在の在籍者名簿をもとに学年度の各種統計が作成されるため、4月入学後に番号が確定します。
学校,成績表の5段階評価は相対評価から絶対評価へ,2002年の学習指導要領改訂を機に、集団内の順位ではなく目標到達度を測る絶対評価が原則となりました。
学校,鉛筆は六角形が多い理由,三角形・六角形は指で持ちやすく転がりにくいためで、六角形は鉛筆製造機の効率も良く世界標準となっています。
学校,「起立・礼・着席」は旧陸軍の軍隊教育に由来,明治期に軍隊式作法が学校教育に浸透し、礼節の基本として現代まで受け継がれています。
学校,PTA（Parents and Teachers Association）はアメリカ発祥,1897年にアメリカで設立された保護者と教師の組織が戦後GHQの指導で日本に導入されました。
学校,宿題（ホームワーク）は19世紀ドイツ発祥とされる,ドイツの教育家ヨハン・フォン・ドッテルが家庭学習を体系化したのが宿題の起源とする説があります。
学校,日本の学校の長期休暇は農業カレンダーに合わせた,夏休みは農繁期と重なる時期を避けつつ、明治期の農業中心の生活リズムに合わせたのが起源という説があります。
学校,黒板の前の段差「教壇」には教育的意図がある,先生が高い位置に立つことで全員の学習状況を把握しやすく、声と視線を全体に届けやすくする設計です。
学校,学校給食の「みそ汁」に豆腐が多い理由,豆腐はたんぱく質・カルシウムが豊富で安価なため、栄養バランス面でも予算面でも優れた食材として重宝されています。
学校,日本の小学校は世界でも珍しい完全清掃文化,生徒自身が教室・廊下・トイレを掃除する方式は「清掃活動による人格形成」を目的とした日本独自の教育文化です。
学校,プールの水深が1.2m以下の基準,学校のプールは文部科学省の基準で最深でも1.2m以下が推奨されており、安全確保のために水深が厳格に管理されます。
学校,国語の教科書に使われる明朝体の理由,点・ハネ・払いが明確な明朝体は、正しい字形の学習に適しているとされ、小学校の教科書フォントとして採用されています。
学校,入学式が4月の国は世界的には少数派,多くの国は9月入学ですが、日本は明治期の農業サイクルと会計年度（4月始まり）に合わせて4月入学を採用しました。
学校,校庭の砂場の砂は定期的に入れ替えられる,衛生基準として砂の大腸菌・寄生虫検査が義務付けられており、汚染が確認された場合は全量交換が必要です。
学校,学習指導要領は約10年周期で改定される,社会の変化に対応するため文部科学省が定期的に見直し、最新版は2020年に小学校で全面実施されました。
学校,ドッジボールは日本独自に進化した,発祥はアメリカの「ドッジボール」ですが、日本で独自のルールに変形し、「学校体育の代名詞」として定着しました。
学校,教科書の無償配布は1963年から,「義務教育諸学校の教科用図書の無償措置に関する法律」により、公立小中学校の教科書は全額国費で賄われています。
学校,黒板に書かれた文字が見やすい字体の秘密,教師用チョーク文字の教育では、太く・大きく・傾けすぎないことが視認性を高める基本とされています。
学校,「先生」という呼び方は本来「人生の先輩」の意,中国語の「先生（xiānsheng）」は「先に生まれた人・人生経験の豊富な人」を意味し、医師・弁護士にも使われる敬称です。
